{
  "properties": {
    "connectionReferences": {
      "shared_pdsupdatepatient-5fedca0e8cdafa2154-5fdbb42f545b4f672b": {
        "runtimeSource": "invoker",
        "connection": {
          "connectionReferenceLogicalName": "ucabj44_sharedpdsupdatepatient5fedca0e8cdafa21545fdbb42f545b4f672b_93689"
        },
        "api": {
          "name": "shared_pdsupdatepatient-5fedca0e8cdafa2154-5fdbb42f545b4f672b",
          "logicalName": "ucabj44_pdsupdatepatient"
        }
      }
    },
    "definition": {
      "$schema": "https://schema.management.azure.com/providers/Microsoft.Logic/schemas/2016-06-01/workflowdefinition.json#",
      "contentVersion": "1.0.0.0",
      "parameters": {
        "$connections": {
          "defaultValue": {},
          "type": "Object"
        },
        "$authentication": {
          "defaultValue": {},
          "type": "SecureObject"
        }
      },
      "triggers": {
        "manual": {
          "metadata": {
            "operationMetadataId": "954c3c90-f4ad-4d43-8dbd-a907ef3fc72f"
          },
          "type": "Request",
          "kind": "PowerApp",
          "inputs": {
            "schema": {
              "type": "object",
              "properties": {
                "UpdatetheAddress_id": {
                  "type": "string",
                  "x-ms-powerflows-param-ispartial": false
                },
                "UpdatetheAddress_X-Request-ID": {
                  "type": "string",
                  "x-ms-powerflows-param-ispartial": false
                },
                "UpdatetheAddress_If-Match": {
                  "type": "string",
                  "x-ms-powerflows-param-ispartial": false
                },
                "UpdatetheAddress_patches": {
                  "type": "string",
                  "description": "patches",
                  "x-ms-powerflows-param-ispartial": false
                },
                "UpdatetheAddress_path1": {
                  "type": "string",
                  "description": "path1",
                  "x-ms-powerflows-param-ispartial": false
                },
                "UpdatetheAddress_path2": {
                  "type": "string",
                  "description": "path2",
                  "x-ms-powerflows-param-ispartial": false
                },
                "UpdatetheAddress_path3": {
                  "type": "string",
                  "description": "path3",
                  "x-ms-powerflows-param-ispartial": false
                },
                "UpdatetheAddress_path4": {
                  "type": "string",
                  "description": "path4",
                  "x-ms-powerflows-param-ispartial": false
                },
                "UpdatetheAddress_value1": {
                  "type": "string",
                  "description": "value1",
                  "x-ms-powerflows-param-ispartial": false
                },
                "UpdatetheAddress_value2": {
                  "type": "string",
                  "description": "value2",
                  "x-ms-powerflows-param-ispartial": false
                },
                "UpdatetheAddress_value3": {
                  "type": "string",
                  "description": "value3",
                  "x-ms-powerflows-param-ispartial": false
                },
                "UpdatetheAddress_value4": {
                  "type": "string",
                  "format": "",
                  "description": "value4",
                  "x-ms-powerflows-param-ispartial": false
                }
              },
              "required": [
                "UpdatetheAddress_id",
                "UpdatetheAddress_X-Request-ID",
                "UpdatetheAddress_If-Match",
                "UpdatetheAddress_patches",
                "UpdatetheAddress_path1",
                "UpdatetheAddress_path2",
                "UpdatetheAddress_path3",
                "UpdatetheAddress_path4",
                "UpdatetheAddress_value1",
                "UpdatetheAddress_value2",
                "UpdatetheAddress_value3",
                "UpdatetheAddress_value4"
              ]
            }
          }
        }
      },
      "actions": {
        "Update_the_Address": {
          "runAfter": {},
          "metadata": {
            "operationMetadataId": "fff2dab3-6d58-4d8d-a093-c11955b85af7"
          },
          "type": "OpenApiConnection",
          "inputs": {
            "host": {
              "connectionName": "shared_pdsupdatepatient-5fedca0e8cdafa2154-5fdbb42f545b4f672b",
              "operationId": "UpdateAddress",
              "apiId": ""
            },
            "parameters": {
              "id": "@triggerBody()['UpdatetheAddress_id']",
              "X-Request-ID": "@triggerBody()['UpdatetheAddress_X-Request-ID']",
              "Content-Type": "application/json-patch+json",
              "If-Match": "@triggerBody()['UpdatetheAddress_If-Match']",
              "body/patches": "@triggerBody()['UpdatetheAddress_patches']",
              "body/path1": "@triggerBody()['UpdatetheAddress_path1']",
              "body/path2": "@triggerBody()['UpdatetheAddress_path2']",
              "body/path3": "@triggerBody()['UpdatetheAddress_path3']",
              "body/path4": "@triggerBody()['UpdatetheAddress_path4']",
              "body/value1": "@triggerBody()['UpdatetheAddress_value1']",
              "body/value2": "@triggerBody()['UpdatetheAddress_value2']",
              "body/value3": "@triggerBody()['UpdatetheAddress_value3']",
              "body/value4": "@triggerBody()['UpdatetheAddress_value4']"
            },
            "authentication": {
              "type": "Raw",
              "value": "@json(decodeBase64(triggerOutputs().headers['X-MS-APIM-Tokens']))['$ConnectionKey']"
            }
          }
        },
        "Respond_to_a_PowerApp_or_flow": {
          "runAfter": {
            "Update_the_Address": [
              "Succeeded"
            ]
          },
          "metadata": {
            "operationMetadataId": "769bdb99-cf94-424d-8aca-4151bb06dab5"
          },
          "type": "Response",
          "kind": "PowerApp",
          "inputs": {
            "statusCode": 200,
            "body": {
              "updatedversion": "@outputs('Update_the_Address')?['body/meta/versionId']"
            },
            "schema": {
              "type": "object",
              "properties": {
                "updatedversion": {
                  "title": "UpdatedVersion",
                  "x-ms-dynamically-added": true,
                  "type": "string"
                }
              }
            }
          }
        }
      }
    },
    "templateName": ""
  },
  "schemaVersion": "1.0.0.0"
}