[{"templateId":"stringtoarray","title":"Op_Evaluator","parameters":{"x-ms-apimTemplateParameter.propertyParentPath":"@body()","x-ms-apimTemplateParameter.propertySubPath":"patches","x-ms-apimTemplateParameter.delimiterList":";","x-ms-apimTemplateParameter.childPropertyName":"op","x-ms-apimTemplateParameter.newPropertyPath":"@body().patches","x-ms-apimTemplate-policySection":"Request","x-ms-apimTemplate-operationName":["UpdateAddress"]}},{"templateId":"setproperty","title":"Path1_Evaluator","parameters":{"x-ms-apimTemplateParameter.newPropertyParentPathTemplate":"@body().patches[0]","x-ms-apimTemplateParameter.newPropertySubPathTemplate":"path","x-ms-apimTemplateParameter.propertyValuePathTemplate":"{@body().path1}","x-ms-apimTemplate-policySection":"Request","x-ms-apimTemplate-operationName":["UpdateAddress"]}},{"templateId":"setproperty","title":"Path2_Evaluator","parameters":{"x-ms-apimTemplateParameter.newPropertyParentPathTemplate":"@body().patches[1]","x-ms-apimTemplateParameter.newPropertySubPathTemplate":"path","x-ms-apimTemplateParameter.propertyValuePathTemplate":"{@body().path2}","x-ms-apimTemplate-policySection":"Request","x-ms-apimTemplate-operationName":["UpdateAddress"]}},{"templateId":"setproperty","title":"Path3_Evaluator","parameters":{"x-ms-apimTemplateParameter.newPropertyParentPathTemplate":"@body().patches[2]","x-ms-apimTemplateParameter.newPropertySubPathTemplate":"path","x-ms-apimTemplateParameter.propertyValuePathTemplate":"{@body().path3}","x-ms-apimTemplate-policySection":"Request","x-ms-apimTemplate-operationName":["UpdateAddress"]}},{"templateId":"setproperty","title":"Path4_Evaluator","parameters":{"x-ms-apimTemplateParameter.newPropertyParentPathTemplate":"@body().patches[3]","x-ms-apimTemplateParameter.newPropertySubPathTemplate":"path","x-ms-apimTemplateParameter.propertyValuePathTemplate":"{@body().path4}","x-ms-apimTemplate-policySection":"Request","x-ms-apimTemplate-operationName":["UpdateAddress"]}},{"templateId":"setproperty","title":"Value1_Evaluator","parameters":{"x-ms-apimTemplateParameter.newPropertyParentPathTemplate":"@body().patches[0]","x-ms-apimTemplateParameter.newPropertySubPathTemplate":"value","x-ms-apimTemplateParameter.propertyValuePathTemplate":"{@body().value1}","x-ms-apimTemplate-policySection":"Request","x-ms-apimTemplate-operationName":["UpdateAddress"]}},{"templateId":"setproperty","title":"Value2_Evaluator","parameters":{"x-ms-apimTemplateParameter.newPropertyParentPathTemplate":"@body().patches[1]","x-ms-apimTemplateParameter.newPropertySubPathTemplate":"value","x-ms-apimTemplateParameter.propertyValuePathTemplate":"{@body().value2}","x-ms-apimTemplate-policySection":"Request","x-ms-apimTemplate-operationName":["UpdateAddress"]}},{"templateId":"setproperty","title":"Value3_Evaluator","parameters":{"x-ms-apimTemplateParameter.newPropertyParentPathTemplate":"@body().patches[2]","x-ms-apimTemplateParameter.newPropertySubPathTemplate":"value","x-ms-apimTemplateParameter.propertyValuePathTemplate":"{@body().value3}","x-ms-apimTemplate-policySection":"Request","x-ms-apimTemplate-operationName":["UpdateAddress"]}},{"templateId":"setproperty","title":"Value4_Evaluator","parameters":{"x-ms-apimTemplateParameter.newPropertyParentPathTemplate":"@body().patches[3]","x-ms-apimTemplateParameter.newPropertySubPathTemplate":"value","x-ms-apimTemplateParameter.propertyValuePathTemplate":"{@body().value4}","x-ms-apimTemplate-policySection":"Request","x-ms-apimTemplate-operationName":["UpdateAddress"]}}]