{"token":{"type":"oauthSetting","oAuthSettings":{"identityProvider":"oauth2","clientId":"tzjt4ZxmetQnEZGGLVHPofLAdt9JzwTY","scopes":[],"redirectMode":"Global","redirectUrl":"https://global.consent.azure-apim.net/redirect","properties":{"IsFirstParty":"False","IsOnbehalfofLoginSupported":false},"customParameters":{"authorizationUrl":{"value":"https://int.api.service.nhs.uk/oauth2-mock/authorize"},"tokenUrl":{"value":"https://int.api.service.nhs.uk/oauth2-mock/token"},"refreshUrl":{"value":"https://int.api.service.nhs.uk/oauth2-mock/token"}}}}}