<ImportExportXml xmlns:xsi="http://www.w3.org/2001/XMLSchema-instance">
  <Entities></Entities>
  <Roles></Roles>
  <Workflows></Workflows>
  <FieldSecurityProfiles></FieldSecurityProfiles>
  <Templates />
  <EntityMaps />
  <EntityRelationships />
  <OrganizationSettings />
  <optionsets />
  <CustomControls />
  <EntityDataProviders />
  <Connectors>
    <Connector>
      <connectorid>8cb5cbf7-31a6-46ac-ad15-f620ee430054</connectorid>
      <description>To update the address and pharmacy details of patient</description>
      <displayname>PDSupdatePatient</displayname>
      <iconbrandcolor>#007ee5</iconbrandcolor>
      <name>ucabj44_pdsupdatepatient</name>
      <connectortype>1</connectortype>
      <openapidefinition>/Connector/ucabj44_pdsupdatepatient_openapidefinition.json</openapidefinition>
      <connectionparameters>/Connector/ucabj44_pdsupdatepatient_connectionparameters.json</connectionparameters>
      <policytemplateinstances>/Connector/ucabj44_pdsupdatepatient_policytemplateinstances.json</policytemplateinstances>
      <iconblob>/Connector/ucabj44_pdsupdatepatient_iconblob.Jpeg</iconblob>
    </Connector>
  </Connectors>
  <Languages>
    <Language>1033</Language>
  </Languages>
</ImportExportXml>