<ImportExportXml xmlns:xsi="http://www.w3.org/2001/XMLSchema-instance">
  <Entities></Entities>
  <Roles></Roles>
  <Workflows>
    <Workflow WorkflowId="{a32588d2-3f3e-ee11-bdf3-000d3a5379bd}" Name="PowerApp -&gt; Update the Address">
      <JsonFileName>/Workflows/PowerApp-UpdatetheAddress-A32588D2-3F3E-EE11-BDF3-000D3A5379BD.json</JsonFileName>
      <Type>1</Type>
      <Subprocess>0</Subprocess>
      <Category>5</Category>
      <Mode>0</Mode>
      <Scope>4</Scope>
      <OnDemand>0</OnDemand>
      <TriggerOnCreate>0</TriggerOnCreate>
      <TriggerOnDelete>0</TriggerOnDelete>
      <AsyncAutodelete>0</AsyncAutodelete>
      <SyncWorkflowLogOnFailure>0</SyncWorkflowLogOnFailure>
      <StateCode>1</StateCode>
      <StatusCode>2</StatusCode>
      <RunAs>1</RunAs>
      <IsTransacted>1</IsTransacted>
      <IntroducedVersion>1.0.0.6</IntroducedVersion>
      <IsCustomizable>1</IsCustomizable>
      <BusinessProcessType>0</BusinessProcessType>
      <IsCustomProcessingStepAllowedForOtherPublishers>1</IsCustomProcessingStepAllowedForOtherPublishers>
      <PrimaryEntity>none</PrimaryEntity>
      <LocalizedNames>
        <LocalizedName languagecode="1033" description="PowerApp -&gt; Update the Address" />
      </LocalizedNames>
    </Workflow>
  </Workflows>
  <FieldSecurityProfiles></FieldSecurityProfiles>
  <Templates />
  <EntityMaps />
  <EntityRelationships />
  <OrganizationSettings />
  <optionsets />
  <CustomControls />
  <EntityDataProviders />
  <CanvasApps>
    <CanvasApp>
      <Name>ucabj44_updatepatientaddressdemo_299f2</Name>
      <AppVersion>2023-09-05T14:55:56Z</AppVersion>
      <Status>Ready</Status>
      <CreatedByClientVersion>3.23082.20.0</CreatedByClientVersion>
      <MinClientVersion>3.23082.20.0</MinClientVersion>
      <Tags>{"primaryDeviceWidth":"1366","primaryDeviceHeight":"768","supportsPortrait":"true","supportsLandscape":"true","primaryFormFactor":"Tablet","publisherVersion":"3.23082.20","minimumRequiredApiVersion":"2.2.0","hasComponent":"true","hasUnlockedComponent":"true","isUnifiedRootApp":"false","sienaVersion":"20230825T203652Z-3.23081.15.0","showStatusBar":"false"}</Tags>
      <IsCdsUpgraded>0</IsCdsUpgraded>
      <GalleryItemId xsi:nil="true"></GalleryItemId>
      <BackgroundColor>RGBA(0,176,240,1)</BackgroundColor>
      <DisplayName>UpdatePatientAddressDemo</DisplayName>
      <Description xsi:nil="true"></Description>
      <CommitMessage xsi:nil="true"></CommitMessage>
      <Publisher xsi:nil="true"></Publisher>
      <AuthorizationReferences>[]</AuthorizationReferences>
      <ConnectionReferences>{"7a7d6bef-95f4-4307-a1c4-cebc492320cb":{"id":"/providers/microsoft.powerapps/apis/shared_pdsupdatepatient-5fedca0e8cdafa2154-5fdbb42f545b4f672b","displayName":"PDSupdatePatient","iconUri":"https://prodapiicons.cdn.powerappscdn.net/20230904t000000zbabbd4bea6fb4be4bf40ab9a44ef9f88/customconnectoricon.jpg","dataSources":["PDSupdatePatient"],"dependencies":[],"dependents":["7a62fd70-fefd-408b-bde3-b39ce98f2e25"],"parameterHints":{},"parameterHintsV2":{},"isOnPremiseConnection":false,"bypassConsent":false,"dataSets":{},"apiTier":"Standard","actions":["GetAddress"],"customApiLogicalName":"ucabj44_pdsupdatepatient","isCustomApiSolutionAware":true},"7a62fd70-fefd-408b-bde3-b39ce98f2e25":{"id":"/providers/microsoft.powerapps/apis/shared_logicflows","displayName":"Logic flows","iconUri":"https://connectoricons-prod.azureedge.net/releases/v1.0.1653/1.0.1653.3403/logicflows/icon.png","dataSources":["PowerApp-&gt;UpdatetheAddress"],"dependencies":["7a7d6bef-95f4-4307-a1c4-cebc492320cb"],"dependents":[],"parameterHints":{"workflowName":{"value":"c5e17fb3-9e27-4ee0-97fb-fab42b1a98c7"},"workflowEntityId":{"value":"a32588d2-3f3e-ee11-bdf3-000d3a5379bd"},"7a7d6bef-95f4-4307-a1c4-cebc492320cb":{"value":"shared_pdsupdatepatient-5fedca0e8cdafa2154-5fdbb42f545b4f672b"}},"parameterHintsV2":{"workflowName":{"value":"c5e17fb3-9e27-4ee0-97fb-fab42b1a98c7"},"workflowEntityId":{"value":"a32588d2-3f3e-ee11-bdf3-000d3a5379bd"},"shared_pdsupdatepatient-5fedca0e8cdafa2154-5fdbb42f545b4f672b":{"value":"7a7d6bef-95f4-4307-a1c4-cebc492320cb"}},"isOnPremiseConnection":false,"bypassConsent":false,"dataSets":{},"apiTier":"Standard","actions":["Run"],"isCustomApiSolutionAware":false}}</ConnectionReferences>
      <DatabaseReferences>{}</DatabaseReferences>
      <AppComponents>[]</AppComponents>
      <AppComponentDependencies>[]</AppComponentDependencies>
      <CanConsumeAppPass>1</CanConsumeAppPass>
      <CanvasAppType>0</CanvasAppType>
      <BypassConsent>0</BypassConsent>
      <AdminControlBypassConsent>0</AdminControlBypassConsent>
      <EmbeddedApp xsi:nil="true"></EmbeddedApp>
      <IntroducedVersion>1.0</IntroducedVersion>
      <CdsDependencies>{"cdsdependencies":[{"logicalname":"ucabj44_pdsupdatepatient","componenttype":372,"componenttypeplatformname":"connector"},{"dependencyid":"a32588d2-3f3e-ee11-bdf3-000d3a5379bd","componenttype":29,"componenttypeplatformname":"Workflow"}]}</CdsDependencies>
      <IsCustomizable>1</IsCustomizable>
      <BackgroundImageUri>/CanvasApps/ucabj44_updatepatientaddressdemo_299f2_BackgroundImageUri</BackgroundImageUri>
      <DocumentUri>/CanvasApps/ucabj44_updatepatientaddressdemo_299f2_DocumentUri.msapp</DocumentUri>
    </CanvasApp>
  </CanvasApps>
  <Connectors>
    <Connector>
      <connectorid>8cb5cbf7-31a6-46ac-ad15-f620ee430054</connectorid>
      <description>To update the address and pharmacy details of patient</description>
      <displayname>PDSupdatePatient</displayname>
      <iconbrandcolor>#007ee5</iconbrandcolor>
      <name>ucabj44_pdsupdatepatient</name>
      <connectortype>1</connectortype>
      <openapidefinition>/Connector/ucabj44_pdsupdatepatient_openapidefinition.json</openapidefinition>
      <connectionparameters>/Connector/ucabj44_pdsupdatepatient_connectionparameters.json</connectionparameters>
      <policytemplateinstances>/Connector/ucabj44_pdsupdatepatient_policytemplateinstances.json</policytemplateinstances>
      <iconblob>/Connector/ucabj44_pdsupdatepatient_iconblob.Jpeg</iconblob>
    </Connector>
  </Connectors>
  <connectionreferences>
    <connectionreference connectionreferencelogicalname="ucabj44_sharedpdsupdatepatient5fedca0e8cdafa21545fdbb42f545b4f672b_93689">
      <connectionreferencedisplayname>PDSupdatePatient UpdatePatientInfo-93689</connectionreferencedisplayname>
      <connectorid>/providers/Microsoft.PowerApps/apis/shared_pdsupdatepatient-5fedca0e8cdafa2154-5fdbb42f545b4f672b</connectorid>
      <customconnectorid>
        <connectorid>8cb5cbf7-31a6-46ac-ad15-f620ee430054</connectorid>
      </customconnectorid>
      <iscustomizable>1</iscustomizable>
      <statecode>0</statecode>
      <statuscode>1</statuscode>
    </connectionreference>
  </connectionreferences>
  <Languages>
    <Language>1033</Language>
  </Languages>
</ImportExportXml>